index,value,route_start,route_end
1198,4.15,Кусково,Яничкино
2983,14.300000000000011,Вековка,Курск
3418,7.116666666666668,Люблино-Сортировочное,Рязань-2
1955,20.33333333333333,Красное,Погар
1697,13.900000000000013,Белгород,Елец
39,11.116666666666651,Воскресенск,Аэропорт
2084,8.55,Балашиха,Плеханово
2926,11.116666666666656,Кунцево II,Мытищи
174,11.48333333333332,Малоярославец,Люберцы II
1839,8.55,Волоколамск,Ожерелье
845,8.233333333333336,Ярославль-Главный,Рыбное
2350,10.566666666666654,Люберцы II,Тула 2
7176,19.63333333333334,Ряжск I,Новозыбков
3242,7.266666666666678,Лесок,Северная
709,11.416666666666664,Малоярославец,Ключёвка
6623,6.833333333333323,Зелёный Бор,Льгов-Киевский
3288,10.983333333333334,Льгов-Киевский,Новозыбков
1716,9.516666666666666,Лосиноостровская,Александро-Невская
1881,4.899999999999997,Кунцево II,Вязьма
640,16.900000000000013,Стародуб,Орехово-Зуево
347,18.733333333333327,Стародуб,Смоленск-Сортировочный
7321,19.300000000000026,Погар,Лесок
1052,15.116666666666646,Москва-Сортировочная-Киевская,Льгов-Киевский
3113,8.683333333333337,Владимир,Люблино-Сортировочное
901,15.049999999999994,Мытищи,Погар
162,11.266666666666662,Ключёвка,Сухиничи-Главные
2340,16.683333333333316,Москва-Сортировочная-Киевская,Курск
11452,20.149999999999988,Унеча,Тула 2
4521,7.18333333333334,Ожерелье,Лесок
61,7.499999999999993,Тула 2,Москва-Сортировочная-Киевская
994,7.416666666666667,Серпухов,Узуново
3799,12.600000000000003,Ряжск I,Москва-Сортировочная-Киевская
10465,12.733333333333324,Лужки-Орловские,Воскресенск
2496,10.06666666666667,Ключёвка,Зелёный Бор
1281,23.20000000000001,Владимир,Новозыбков
5501,4.916666666666661,Стенькино-I,Подмосковная
2195,18.83333333333332,Белгород,Тула 2
3329,6.51666666666666,Люблино-Сортировочное,Сухиничи-Главные
5118,9.666666666666654,Балашиха,Вязьма
1321,18.016666666666683,Владимир,Унеча
53,6.916666666666666,Зелёный Бор,Балашиха
5148,20.40000000000001,Новозыбков,Елец
270,8.533333333333339,Плеханово,Люберцы II
553,17.133333333333358,Унеча,Рыбное
867,9.05,Северная,Кунцево II
3470,10.983333333333327,Аэропорт,Серпухов
225,11.50000000000001,Погар,Тула-1-Курская
963,13.21666666666665,Щёлково,Москва-Сортировочная-Киевская
2269,11.16666666666666,Смоленск-Сортировочный,Москва-Сортировочная-Киевская
21685,17.049999999999986,Серпухов,Лужки-Орловские
4281,13.333333333333332,Тула 2,Сасово
1904,11.383333333333333,Подмосковная,Зелёный Бор
5534,14.450000000000014,Ряжск I,Унеча
1662,11.73333333333332,Лосиноостровская,Тула 2
5293,6.316666666666675,Орёл,Зелёный Бор
5914,4.10000000000001,Льгов-Киевский,Орёл
891,15.95,Подмосковная,Александров-2
8572,8.399999999999991,Курск,Зелёный Бор
2863,9.01666666666667,Стенькино-I,Ярославль-Главный
7042,16.78333333333332,Унеча,Бекасово-Сортировочное
1345,11.216666666666669,Смоленск-Сортировочный,Ярославль-Главный
7892,18.633333333333358,Рыбное,Погар
2309,6.833333333333322,Бекасово-Сортировочное,Перово
1778,9.06666666666667,Петушки,Рязань-2
3757,9.383333333333352,Орёл,Узуново
2368,22.31666666666665,Малоярославец,Стародуб
2756,10.233333333333343,Узуново,Сасово
4585,15.049999999999985,Кунцево II,Курск
3189,8.71666666666667,Рязань-2,Щёлково
2678,2.200000000000001,Балашиха,Воскресенск
2679,22.56666666666669,Стародуб,Сасово
2762,9.933333333333334,Вязьма,Рыбное
1479,14.050000000000004,Александров-2,Северная
1163,13.41666666666665,Мытищи,Аэропорт
10866,15.650000000000016,Орехово-Зуево,Унеча
4965,13.366666666666656,Перово,Льгов-Киевский
427,0.9666666666666666,Щёлково,Мытищи
646,16.08333333333333,Тула-1-Курская,Люблино-Сортировочное
1136,7.499999999999993,Москва-Сортировочная-Киевская,Тула 2
796,6.233333333333324,Курск,Брянск-Льговский
466,17.34999999999998,Курск,Аэропорт
309,8.500000000000004,Люблино-Сортировочное,Яничкино
147,15.016666666666652,Унеча,Лужки-Орловские
342,10.333333333333334,Серпухов,Вязьма
3727,25.60000000000001,Петушки,Новозыбков
1485,9.999999999999988,Кусково,Тула 2
2025,10.850000000000003,Красное,Ожерелье
2,17.73333333333334,Курбакинская,Александро-Невская
637,5.800000000000005,Льгов-Киевский,Унеча
4396,8.133333333333338,Курбакинская,Унеча
358,8.016666666666682,Орёл,Стародуб
2919,7.733333333333347,Ряжск I,Перово
3637,10.699999999999992,Москва-Сортировочная-Киевская,Стенькино-I
1104,8.416666666666655,Сухиничи-Главные,Курск
278,4.683333333333332,Елец,Северная
401,16.800000000000004,Тула-1-Курская,Вековка
3151,8.716666666666669,Сухиничи-Главные,Орехово-Зуево
2042,8.666666666666671,Зелёный Бор,Рязань-2
285,12.549999999999985,Курск,Бекасово-Сортировочное
787,10.150000000000002,Узуново,Вязьма
14194,11.999999999999991,Рязань-2,Аэропорт
255,10.766666666666673,Сасово,Лосиноостровская
8677,10.43333333333333,Москва-Товарная-Смоленская,Зелёный Бор
518,19.883333333333333,Серпухов,Тула-1-Курская
2988,11.483333333333338,Щёлково,Сасово
2774,9.56666666666667,Лосиноостровская,Смоленск-Сортировочный
3112,9.166666666666655,Балашиха,Москва-Товарная-Смоленская
2671,7.499999999999998,Ряжск I,Елец
8235,10.65,Подмосковная,Ожерелье
13001,6.083333333333329,Москва-Товарная-Смоленская,Москва-Сортировочная-Киевская
3390,11.083333333333336,Люблино-Сортировочное,Петушки
3478,15.466666666666654,Белгород,Бекасово-Сортировочное
261,10.533333333333326,Елец,Лосиноостровская
445,8.700000000000001,Елец,Орехово-Зуево
599,7.716666666666666,Ярославль-Главный,Владимир
1535,10.916666666666652,Малоярославец,Кусково
846,12.016666666666652,Балашиха,Аэропорт
327,6.0500000000000105,Рыбное,Узуново
10099,8.699999999999992,Брянск-Льговский,Люблино-Сортировочное
1053,8.31666666666667,Лесок,Петушки
1423,13.249999999999991,Перово,Лужки-Орловские
2017,10.199999999999989,Перово,Тула 2
10966,11.58333333333332,Щёлково,Кунцево II
15,8.683333333333344,Белгород,Тула-1-Курская
4342,9.91666666666666,Бекасово-Сортировочное,Подмосковная
820,6.483333333333334,Серпухов,Ожерелье
1963,9.933333333333351,Орёл,Северная
6503,13.499999999999996,Тула 2,Елец
1195,9.633333333333333,Ключёвка,Кунцево II
3172,10.96666666666665,Перово,Москва-Сортировочная-Киевская
2183,8.133333333333333,Москва-Товарная-Смоленская,Серпухов
5735,2.8333333333333344,Брянск-Льговский,Лосиноостровская
2206,11.933333333333328,Тула-1-Курская,Лужки-Орловские
5045,8.366666666666669,Владимир,Плеханово
386,5.433333333333334,Волоколамск,Москва-Товарная-Смоленская
1196,21.91666666666668,Петушки,Погар
187,9.666666666666654,Вязьма,Балашиха
1200,6.550000000000001,Яничкино,Зелёный Бор
4089,16.800000000000008,Вековка,Тула-1-Курская
1540,6.3666666666666565,Люберцы II,Смоленск-Сортировочный
2890,14.149999999999997,Сухиничи-Главные,Погар
2670,14.349999999999987,Лужки-Орловские,Волоколамск
1405,12.016666666666666,Присады,Красное
192,12.733333333333324,Александров-2,Льгов-Киевский
692,11.066666666666666,Владимир,Елец
4563,17.000000000000007,Присады,Новозыбков
1503,11.833333333333329,Смоленск-Сортировочный,Аэропорт
1516,8.466666666666676,Бекасово-Сортировочное,Ряжск I
4815,10.31666666666666,Москва-Сортировочная-Киевская,Серпухов
4020,15.46666666666668,Лесок,Курбакинская
685,9.15,Рязань-2,Москва-Товарная-Смоленская
2137,8.31666666666667,Петушки,Лесок
2048,22.666666666666657,Новозыбков,Смоленск-Сортировочный
431,11.066666666666668,Елец,Владимир
1213,9.46666666666665,Орехово-Зуево,Аэропорт
1116,12.21666666666668,Ключёвка,Унеча
396,10.666666666666668,Кусково,Елец
3968,10.766666666666673,Лосиноостровская,Сасово
4604,11.499999999999982,Балашиха,Малоярославец
660,10.483333333333334,Смоленск-Сортировочный,Северная
3270,10.73333333333334,Подмосковная,Северная
832,6.833333333333336,Рыбное,Мытищи
965,10.733333333333338,Щёлково,Люблино-Сортировочное
2669,12.966666666666669,Орёл,Кунцево II
777,13.81666666666667,Лосиноостровская,Серпухов
4074,10.466666666666669,Мытищи,Тула-1-Курская
138,7.450000000000005,Узуново,Вековка
5184,11.116666666666667,Владимир,Вязьма
702,18.80000000000001,Воскресенск,Погар
353,14.700000000000014,Люблино-Сортировочное,Унеча
417,8.666666666666664,Воскресенск,Подмосковная
4446,14.366666666666678,Елец,Сасово
1389,4.233333333333338,Курск,Унеча
7064,14.066666666666665,Смоленск-Сортировочный,Елец
13419,17.750000000000014,Орёл,Сасово
806,22.416666666666654,Москва-Сортировочная-Киевская,Погар
1275,8.500000000000002,Москва-Товарная-Смоленская,Северная
3201,7.78333333333333,Кусково,Александро-Невская
7939,13.383333333333349,Белгород,Люблино-Сортировочное
6242,6.983333333333341,Орёл,Лосиноостровская
2236,21.266666666666687,Унеча,Подмосковная
7874,5.41666666666667,Рыбное,Люберцы II
2311,9.583333333333336,Красное,Владимир
9287,14.749999999999991,Лесок,Льгов-Киевский
5654,1.7833333333333343,Люберцы II,Воскресенск
1394,14.999999999999982,Москва-Сортировочная-Киевская,Лужки-Орловские
507,9.416666666666671,Брянск-Льговский,Рыбное
2234,7.9999999999999964,Яничкино,Александро-Невская
1587,12.216666666666676,Орёл,Александров-2
3384,14.883333333333336,Петушки,Серпухов
13516,14.749999999999998,Александров-2,Александро-Невская
4605,10.466666666666669,Северная,Ярославль-Главный
2126,22.516666666666687,Стародуб,Подмосковная
1378,16.300000000000015,Белгород,Кусково
739,13.683333333333351,Стенькино-I,Курск
357,9.366666666666667,Узуново,Тула 2
223,9.766666666666664,Мытищи,Александро-Невская
2365,7.85000000000001,Лесок,Ключёвка
3285,16.683333333333337,Ярославль-Главный,Тула-1-Курская
5618,6.550000000000006,Вековка,Стенькино-I
8614,10.116666666666672,Александро-Невская,Ключёвка
2302,8.86666666666667,Балашиха,Люблино-Сортировочное
7103,11.01666666666667,Мытищи,Сасово
2686,6.233333333333335,Лосиноостровская,Люберцы II
12467,9.633333333333333,Кунцево II,Ключёвка
952,12.899999999999984,Мытищи,Малоярославец
1317,23.716666666666654,Александров-2,Новозыбков
3497,11.483333333333318,Люберцы II,Малоярославец
288,7.299999999999994,Аэропорт,Кунцево II
4168,8.066666666666668,Брянск-Льговский,Александров-2
1012,3.599999999999995,Александро-Невская,Лесок
101,10.23333333333333,Щёлково,Александро-Невская
2112,20.933333333333334,Тула-1-Курская,Подмосковная
3858,7.216666666666657,Балашиха,Бекасово-Сортировочное
176,10.183333333333332,Зелёный Бор,Александро-Невская
109,22.98333333333335,Лесок,Новозыбков
3445,6.6166666666666565,Орехово-Зуево,Москва-Товарная-Смоленская
2150,5.600000000000002,Кусково,Ожерелье
16712,9.53333333333332,Кунцево II,Владимир
4025,0.9666666666666666,Мытищи,Щёлково
3393,15.83333333333334,Льгов-Киевский,Серпухов
5085,16.166666666666657,Смоленск-Сортировочный,Белгород
3526,2.0666666666666664,Ключёвка,Ожерелье
3419,13.883333333333344,Кусково,Курбакинская
4190,2.499999999999999,Кунцево II,Бекасово-Сортировочное
4570,11.78333333333334,Ряжск I,Льгов-Киевский
6102,6.716666666666677,Узуново,Лесок
2870,8.250000000000004,Балашиха,Ключёвка
312,5.633333333333336,Кусково,Стенькино-I
808,12.65000000000001,Орёл,Кусково
72,5.483333333333338,Стародуб,Курск
3381,17.916666666666693,Стенькино-I,Унеча
4263,3.7166666666666615,Александро-Невская,Стенькино-I
5971,1.4500000000000008,Лесок,Стенькино-I
10140,8.18333333333333,Владимир,Александро-Невская
524,10.966666666666674,Кунцево II,Ряжск I
4086,13.283333333333326,Подмосковная,Тула 2
2167,13.95,Волоколамск,Орёл
5912,16.78333333333333,Лужки-Орловские,Ключёвка
2138,7.233333333333331,Москва-Товарная-Смоленская,Смоленск-Сортировочный
13321,10.98333333333334,Курск,Елец
2092,8.766666666666657,Воскресенск,Красное
1497,12.483333333333338,Владимир,Серпухов
5200,7.466666666666677,Рязань-2,Узуново
3040,10.783333333333328,Елец,Мытищи
7469,11.66666666666668,Плеханово,Сасово
4078,22.83333333333332,Аэропорт,Стародуб
9112,13.81666666666667,Серпухов,Лосиноостровская
436,11.16666666666666,Москва-Сортировочная-Киевская,Смоленск-Сортировочный
872,4.766666666666668,Петушки,Орехово-Зуево
3399,9.566666666666666,Тула-1-Курская,Сухиничи-Главные
3987,10.216666666666669,Волоколамск,Присады
3750,22.666666666666657,Смоленск-Сортировочный,Новозыбков
97,26.76666666666665,Аэропорт,Новозыбков
1794,7.966666666666668,Серпухов,Северная
4838,11.98333333333333,Белгород,Лосиноостровская
853,13.26666666666667,Ряжск I,Аэропорт
938,8.51666666666667,Узуново,Мытищи
8002,7.483333333333336,Присады,Яничкино
3236,8.050000000000002,Смоленск-Сортировочный,Яничкино
13142,11.25000000000001,Тула-1-Курская,Стародуб
2177,16.450000000000006,Люберцы II,Тула-1-Курская
3562,8.016666666666682,Стародуб,Орёл
4015,7.883333333333336,Ключёвка,Яничкино
150,8.133333333333338,Унеча,Курбакинская
4160,6.533333333333334,Вязьма,Люблино-Сортировочное
3578,18.283333333333324,Бекасово-Сортировочное,Погар
12616,2.366666666666667,Плеханово,Ожерелье
1763,13.683333333333351,Курск,Стенькино-I
783,4.166666666666668,Северная,Люблино-Сортировочное
954,16.033333333333317,Волоколамск,Курск
2644,7.016666666666668,Москва-Товарная-Смоленская,Ожерелье
1899,7.516666666666667,Перово,Ярославль-Главный
4315,13.75000000000001,Красное,Курбакинская
3585,7.54999999999999,Кусково,Красное
2320,6.533333333333335,Узуново,Кусково
4677,11.833333333333336,Брянск-Льговский,Присады
5252,9.06666666666666,Курск,Лосиноостровская
793,11.083333333333334,Владимир,Сухиничи-Главные
3787,7.100000000000004,Узуново,Люберцы II
6670,16.500000000000014,Перово,Белгород
1096,8.14999999999999,Волоколамск,Орехово-Зуево
1968,10.31666666666666,Сухиничи-Главные,Серпухов
2587,20.26666666666666,Волоколамск,Унеча
1071,12.583333333333345,Погар,Узуново
493,6.933333333333337,Узуново,Владимир
5413,11.250000000000009,Стародуб,Тула-1-Курская
3675,5.950000000000001,Щёлково,Александров-2
4411,9.600000000000003,Сасово,Люберцы II
3568,5.8666666666666645,Вязьма,Вековка
172,10.683333333333328,Москва-Сортировочная-Киевская,Северная
838,5.200000000000004,Воскресенск,Лесок
3901,16.683333333333337,Тула-1-Курская,Ярославль-Главный
1757,12.86666666666666,Вязьма,Александро-Невская
26,8.183333333333342,Вековка,Кунцево II
3315,11.833333333333334,Северная,Красное
2452,19.050000000000004,Александров-2,Серпухов
2390,9.883333333333336,Люблино-Сортировочное,Сасово
650,13.383333333333322,Льгов-Киевский,Яничкино
1934,10.6,Плеханово,Волоколамск
1216,15.533333333333326,Ярославль-Главный,Курск
1504,10.4,Тула 2,Смоленск-Сортировочный
2568,8.949999999999985,Малоярославец,Орехово-Зуево
1277,8.983333333333338,Узуново,Александро-Невская
33,15.666666666666648,Аэропорт,Лужки-Орловские
2990,10.883333333333336,Перово,Сухиничи-Главные
4707,8.183333333333337,Яничкино,Плеханово
1879,15.016666666666652,Лужки-Орловские,Унеча
41,15.266666666666662,Аэропорт,Орёл
3715,10.783333333333314,Курск,Лужки-Орловские
5162,7.566666666666677,Стенькино-I,Присады
6349,8.999999999999991,Петушки,Смоленск-Сортировочный
3452,10.516666666666666,Смоленск-Сортировочный,Волоколамск
2993,12.733333333333324,Льгов-Киевский,Александров-2
5127,6.766666666666669,Северная,Воскресенск
679,2.8166666666666664,Белгород,Погар
1428,11.16666666666665,Москва-Сортировочная-Киевская,Владимир
28,20.41666666666668,Петушки,Унеча
478,12.616666666666656,Москва-Сортировочная-Киевская,Зелёный Бор
3353,10.583333333333334,Александров-2,Воскресенск
3905,19.433333333333348,Люберцы II,Стародуб
538,0.5666666666666678,Люберцы II,Кусково
1649,7.34999999999999,Перово,Красное
1735,6.849999999999989,Сухиничи-Главные,Льгов-Киевский
5836,18.50000000000001,Серпухов,Унеча
4694,7.300000000000003,Щёлково,Рыбное
1890,9.883333333333336,Петушки,Северная
1739,5.316666666666666,Москва-Товарная-Смоленская,Тула 2
246,12.416666666666671,Ярославль-Главный,Сасово
605,20.53333333333332,Кунцево II,Стародуб
572,8.066666666666668,Александров-2,Брянск-Льговский
4085,10.58333333333332,Тула 2,Балашиха
1603,18.750000000000018,Белгород,Александро-Невская
1439,11.749999999999998,Тула 2,Красное
819,13.066666666666675,Воскресенск,Курск
843,13.616666666666664,Волоколамск,Елец
6666,11.783333333333331,Подмосковная,Петушки
2692,10.083333333333336,Лесок,Брянск-Льговский
58,8.14999999999999,Орехово-Зуево,Волоколамск
706,6.633333333333323,Бекасово-Сортировочное,Кусково
1515,10.766666666666673,Красное,Лесок
4283,6.900000000000002,Зелёный Бор,Люберцы II
658,15.516666666666662,Щёлково,Погар
1738,7.500000000000003,Лесок,Мытищи
1900,12.65000000000001,Кусково,Орёл
6394,19.783333333333328,Александров-2,Стародуб
6488,1.6166666666666676,Кусково,Воскресенск
3104,23.36666666666668,Люберцы II,Новозыбков
1124,14.316666666666666,Серпухов,Красное
8323,7.516666666666667,Тула 2,Вязьма
1637,13.266666666666678,Стародуб,Ожерелье
1069,16.71666666666668,Погар,Елец
5849,9.883333333333326,Сухиничи-Главные,Елец
1687,8.233333333333336,Рыбное,Ярославль-Главный
4919,17.83333333333332,Новозыбков,Сухиничи-Главные
10092,21.96666666666665,Новозыбков,Бекасово-Сортировочное
3791,15.950000000000014,Люблино-Сортировочное,Стародуб
4830,15.783333333333312,Льгов-Киевский,Аэропорт
5288,17.083333333333353,Курск,Сасово
1443,12.099999999999987,Волоколамск,Мытищи
4786,10.583333333333329,Лесок,Москва-Сортировочная-Киевская
799,16.88333333333335,Балашиха,Белгород
6573,7.850000000000003,Присады,Балашиха
1248,4.483333333333339,Льгов-Киевский,Белгород
856,5.483333333333334,Мытищи,Александров-2
2200,5.3000000000000025,Присады,Орехово-Зуево
5141,6.816666666666672,Ряжск I,Подмосковная
3542,6.850000000000002,Балашиха,Рязань-2
563,6.999999999999999,Ярославль-Главный,Воскресенск
81,7.383333333333344,Стенькино-I,Северная
6732,8.266666666666657,Москва-Товарная-Смоленская,Воскресенск
1749,13.05000000000001,Владимир,Орёл
5491,10.11666666666667,Ключёвка,Щёлково
1085,18.28333333333332,Погар,Бекасово-Сортировочное
1937,11.383333333333324,Петушки,Москва-Товарная-Смоленская
2444,20.00000000000001,Серпухов,Погар
9292,12.249999999999986,Лужки-Орловские,Елец
1386,21.58333333333332,Аэропорт,Унеча
152,15.066666666666672,Тула 2,Курбакинская
7443,9.24999999999999,Вязьма,Люберцы II
894,8.900000000000002,Лесок,Ярославль-Главный
348,9.13333333333333,Кунцево II,Красное
6,14.53333333333334,Щёлково,Серпухов
1131,6.600000000000011,Рыбное,Северная
961,11.849999999999987,Волоколамск,Лосиноостровская
842,12.06666666666666,Вязьма,Зелёный Бор
1078,9.266666666666664,Рыбное,Волоколамск
510,9.066666666666668,Люберцы II,Брянск-Льговский
186,8.03333333333332,Орехово-Зуево,Тула 2
168,8.066666666666668,Владимир,Ключёвка
2154,15.983333333333333,Курбакинская,Малоярославец
488,13.833333333333332,Тула 2,Орёл
535,10.716666666666663,Вязьма,Стенькино-I
949,9.56666666666667,Сухиничи-Главные,Тула-1-Курская
1444,15.649999999999997,Лужки-Орловские,Узуново
1758,7.633333333333345,Вековка,Москва-Товарная-Смоленская
4165,13.566666666666675,Орёл,Вековка
1393,19.95000000000002,Белгород,Подмосковная
9393,17.88333333333332,Малоярославец,Александров-2
3466,8.416666666666655,Малоярославец,Москва-Сортировочная-Киевская
2008,6.783333333333328,Малоярославец,Кунцево II
3991,7.499999999999998,Елец,Ряжск I
1226,15.883333333333338,Кусково,Тула-1-Курская
2398,6.733333333333336,Узуново,Перово
2413,14.499999999999982,Курск,Москва-Товарная-Смоленская
1327,12.56666666666667,Ожерелье,Александров-2
639,8.233333333333336,Люберцы II,Ключёвка
3701,7.450000000000005,Вековка,Узуново
4594,6.849999999999989,Льгов-Киевский,Сухиничи-Главные
4227,4.483333333333339,Белгород,Льгов-Киевский
7007,14.233333333333317,Лужки-Орловские,Тула 2
346,2.8333333333333344,Лосиноостровская,Брянск-Льговский
2789,13.549999999999995,Унеча,Мытищи
479,12.199999999999992,Александро-Невская,Волоколамск
2962,11.666666666666671,Люблино-Сортировочное,Ярославль-Главный
7719,5.050000000000003,Рыбное,Перово
329,4.300000000000003,Орехово-Зуево,Рязань-2
973,6.833333333333336,Мытищи,Рыбное
4748,9.183333333333332,Смоленск-Сортировочный,Зелёный Бор
3708,4.016666666666667,Воскресенск,Владимир
1951,11.833333333333318,Владимир,Аэропорт
1549,6.016666666666667,Зелёный Бор,Воскресенск
11483,9.533333333333337,Северная,Щёлково
2107,9.233333333333333,Кунцево II,Присады
3213,8.900000000000002,Ярославль-Главный,Лесок
86,8.349999999999998,Александро-Невская,Люберцы II
1936,10.700000000000005,Северная,Вязьма
11812,6.19999999999999,Кусково,Смоленск-Сортировочный
6357,10.35,Воскресенск,Елец
2071,7.2500000000000036,Зелёный Бор,Рыбное
897,5.749999999999998,Тула 2,Люблино-Сортировочное
930,9.06666666666667,Мытищи,Северная
2485,13.383333333333349,Люблино-Сортировочное,Белгород
3044,6.849999999999989,Яничкино,Бекасово-Сортировочное
54,12.99999999999999,Александро-Невская,Малоярославец
15201,9.53333333333334,Стенькино-I,Смоленск-Сортировочный
1704,12.649999999999984,Лосиноостровская,Малоярославец
3129,18.399999999999984,Александров-2,Аэропорт
2487,8.900000000000011,Рязань-2,Плеханово
6189,0.7833333333333339,Перово,Балашиха
10151,14.46666666666665,Льгов-Киевский,Волоколамск
2570,7.899999999999999,Ярославль-Главный,Балашиха
1630,17.34999999999998,Аэропорт,Курск
115,11.833333333333336,Сасово,Петушки
8618,9.850000000000009,Плеханово,Льгов-Киевский
1203,8.86666666666667,Люблино-Сортировочное,Балашиха
549,8.933333333333344,Курбакинская,Щёлково
4302,7.566666666666677,Курбакинская,Сухиничи-Главные
1230,6.33333333333334,Сухиничи-Главные,Орёл
1544,4.1,Присады,Ряжск I
1916,8.316666666666663,Подмосковная,Сасово
652,11.649999999999984,Аэропорт,Яничкино
888,5.850000000000001,Стенькино-I,Яничкино
17,17.88333333333334,Серпухов,Курбакинская
1279,8.81666666666667,Северная,Лосиноостровская
2014,19.800000000000026,Стародуб,Рязань-2
5283,4.916666666666666,Балашиха,Владимир
299,7.633333333333325,Мытищи,Лужки-Орловские
6543,11.35,Ярославль-Главный,Плеханово
463,10.816666666666686,Орёл,Плеханово
1783,7.85000000000001,Ключёвка,Лесок
3363,11.833333333333316,Аэропорт,Владимир
754,1.6833333333333331,Ключёвка,Северная
31,8.283333333333331,Рыбное,Кунцево II
1810,4.9,Владимир,Люберцы II
822,9.33333333333332,Кунцево II,Перово
1141,16.13333333333332,Курск,Вязьма
3119,11.100000000000003,Узуново,Брянск-Льговский
4371,17.400000000000006,Ключёвка,Новозыбков
222,7.083333333333335,Кусково,Северная
1208,6.516666666666671,Вековка,Ожерелье
1480,12.516666666666662,Красное,Москва-Сортировочная-Киевская
8366,11.68333333333334,Ожерелье,Курбакинская
3498,9.199999999999996,Ожерелье,Сухиничи-Главные
345,10.449999999999983,Воскресенск,Москва-Сортировочная-Киевская
616,7.466666666666677,Узуново,Рязань-2
1893,10.866666666666662,Москва-Сортировочная-Киевская,Присады
2630,11.83333333333334,Ряжск I,Тула 2
1350,5.766666666666671,Тула-1-Курская,Курск
4547,11.433333333333318,Аэропорт,Кусково
360,6.7499999999999964,Москва-Товарная-Смоленская,Аэропорт
2453,11.249999999999991,Лесок,Аэропорт
149,8.400000000000002,Ожерелье,Петушки
6467,10.91666666666665,Кусково,Малоярославец
4978,7.350000000000003,Ключёвка,Воскресенск
1385,10.333333333333346,Петушки,Ряжск I
992,15.116666666666646,Льгов-Киевский,Москва-Сортировочная-Киевская
1167,18.983333333333327,Погар,Смоленск-Сортировочный
1323,9.9,Подмосковная,Вековка
5286,8.250000000000004,Рязань-2,Мытищи
3095,10.316666666666656,Лосиноостровская,Москва-Товарная-Смоленская
157,13.216666666666676,Орёл,Люберцы II
750,15.516666666666662,Погар,Щёлково
740,13.26666666666667,Аэропорт,Ряжск I
1221,11.833333333333334,Красное,Северная
4578,14.316666666666684,Курск,Рязань-2
5633,5.549999999999995,Подмосковная,Рязань-2
181,9.666666666666671,Присады,Зелёный Бор
9772,9.083333333333336,Ключёвка,Москва-Товарная-Смоленская
3003,11.35,Вязьма,Рязань-2
2155,15.700000000000014,Ряжск I,Стародуб
8694,7.466666666666669,Перово,Присады
1552,12.300000000000004,Яничкино,Серпухов
3301,11.683333333333342,Курбакинская,Ожерелье
24,7.950000000000001,Москва-Товарная-Смоленская,Узуново
8659,8.000000000000004,Лосиноостровская,Рязань-2
4136,17.233333333333356,Рязань-2,Белгород
4914,10.616666666666667,Ключёвка,Волоколамск
4391,25.44999999999999,Волоколамск,Новозыбков
1027,9.93333333333333,Тула 2,Стенькино-I
10044,11.43333333333335,Смоленск-Сортировочный,Ряжск I
1123,7.216666666666681,Воскресенск,Ряжск I
7165,12.61666666666668,Тула-1-Курская,Узуново
2208,9.91666666666666,Подмосковная,Бекасово-Сортировочное
366,16.600000000000023,Белгород,Стенькино-I
5554,13.383333333333342,Курск,Кусково
14134,13.96666666666666,Ярославль-Главный,Льгов-Киевский
1604,10.866666666666656,Кунцево II,Лосиноостровская
3143,7.933333333333346,Ряжск I,Владимир
412,10.25,Сухиничи-Главные,Александров-2
2886,14.799999999999995,Погар,Лосиноостровская
3906,13.749999999999991,Балашиха,Льгов-Киевский
5585,13.600000000000003,Сасово,Брянск-Льговский
4586,15.983333333333333,Малоярославец,Курбакинская
254,16.483333333333356,Лесок,Белгород
3659,6.733333333333333,Зелёный Бор,Владимир
2879,11.349999999999998,Северная,Аэропорт
1121,10.96666666666665,Москва-Сортировочная-Киевская,Перово
2542,20.833333333333343,Новозыбков,Орехово-Зуево
6144,10.06666666666667,Присады,Петушки
11775,9.549999999999995,Тула 2,Серпухов
1793,8.71666666666667,Сасово,Воскресенск
3168,13.283333333333326,Тула 2,Подмосковная
1120,4.800000000000001,Ряжск I,Плеханово
623,10.566666666666658,Москва-Товарная-Смоленская,Мытищи
2954,8.799999999999985,Москва-Сортировочная-Киевская,Орехово-Зуево
5073,7.716666666666656,Люберцы II,Красное
2441,9.966666666666663,Бекасово-Сортировочное,Сасово
6813,19.06666666666668,Стародуб,Перово
2793,11.333333333333329,Рязань-2,Сухиничи-Главные
1984,13.450000000000008,Ярославль-Главный,Орёл
4509,14.450000000000014,Курбакинская,Люберцы II
1236,7.300000000000003,Северная,Яничкино
3155,24.466666666666647,Новозыбков,Кунцево II
4179,15.833333333333332,Москва-Сортировочная-Киевская,Курбакинская
128,5.733333333333336,Лесок,Яничкино
3669,9.816666666666672,Вековка,Сухиничи-Главные
1822,10.033333333333331,Волоколамск,Северная
376,18.483333333333327,Новозыбков,Лосиноостровская
967,6.016666666666667,Воскресенск,Зелёный Бор
2426,6.533333333333334,Орехово-Зуево,Брянск-Льговский
1199,8.28333333333333,Вязьма,Сухиничи-Главные
385,12.199999999999994,Волоколамск,Александро-Невская
364,13.283333333333324,Зелёный Бор,Аэропорт
3591,21.616666666666656,Вязьма,Стародуб
5841,6.8333333333333375,Рязань-2,Люберцы II
807,11.249999999999996,Плеханово,Сухиничи-Главные
3604,10.916666666666671,Лосиноостровская,Красное
10,21.06666666666665,Унеча,Малоярославец
5002,9.716666666666654,Кунцево II,Балашиха
2893,10.35,Елец,Воскресенск
922,21.66666666666668,Петушки,Стародуб
7954,13.683333333333335,Сасово,Серпухов
94,5.8666666666666645,Вековка,Вязьма
131,4.850000000000003,Кусково,Рыбное
10929,9.416666666666666,Курск,Новозыбков
3073,6.949999999999999,Петушки,Яничкино
4885,8.683333333333334,Москва-Товарная-Смоленская,Присады
3166,8.183333333333337,Плеханово,Яничкино
3845,15.833333333333345,Серпухов,Льгов-Киевский
2977,12.416666666666668,Ключёвка,Красное
2467,5.950000000000003,Рязань-2,Воскресенск
566,10.23333333333333,Александро-Невская,Щёлково
2960,14.35000000000001,Орёл,Стенькино-I
1682,4.750000000000001,Ключёвка,Люблино-Сортировочное
1139,19.683333333333348,Люберцы II,Погар
1404,14.449999999999989,Лужки-Орловские,Вязьма
452,10.166666666666671,Ожерелье,Брянск-Льговский
1097,16.083333333333336,Тула-1-Курская,Перово
4017,11.083333333333336,Петушки,Люблино-Сортировочное
519,10.46666666666666,Малоярославец,Серпухов
3434,8.133333333333322,Красное,Балашиха
6873,9.05000000000001,Тула 2,Вековка
2552,7.300000000000004,Стенькино-I,Ожерелье
4059,7.499999999999993,Тула 2,Сухиничи-Главные
2053,17.700000000000006,Плеханово,Новозыбков
1550,11.96666666666666,Погар,Брянск-Льговский
2493,11.483333333333333,Балашиха,Александров-2
8064,9.199999999999996,Смоленск-Сортировочный,Сухиничи-Главные
3253,6.783333333333323,Смоленск-Сортировочный,Балашиха
957,23.36666666666668,Новозыбков,Люберцы II
3309,12.600000000000003,Александров-2,Стенькино-I
9746,16.150000000000006,Александров-2,Красное
1635,13.783333333333346,Курск,Владимир
6699,10.516666666666683,Ключёвка,Орёл
6384,20.91666666666665,Унеча,Москва-Сортировочная-Киевская
1284,12.849999999999987,Льгов-Киевский,Воскресенск
3027,6.533333333333334,Перово,Зелёный Бор
687,7.749999999999991,Льгов-Киевский,Мытищи
1769,13.333333333333332,Сасово,Тула 2
10134,15.56666666666667,Тула-1-Курская,Воскресенск
5266,11.31666666666666,Зелёный Бор,Белгород
2751,20.066666666666684,Унеча,Александро-Невская
12955,25.25000000000001,Новозыбков,Александро-Невская
133,13.449999999999998,Сасово,Волоколамск
77,13.483333333333317,Кунцево II,Льгов-Киевский
3480,7.166666666666655,Орехово-Зуево,Кунцево II
828,11.533333333333328,Аэропорт,Присады
1761,14.016666666666662,Унеча,Щёлково
2933,8.366666666666656,Бекасово-Сортировочное,Лосиноостровская
4383,8.26666666666667,Лосиноостровская,Узуново
6435,13.7,Петушки,Александров-2
1870,5.883333333333333,Яничкино,Лосиноостровская
2957,9.76666666666668,Узуново,Белгород
1770,10.666666666666666,Смоленск-Сортировочный,Присады
9968,22.316666666666684,Рыбное,Новозыбков
7471,6.266666666666669,Рязань-2,Кусково
400,8.43333333333333,Малоярославец,Вязьма
3102,13.733333333333324,Люберцы II,Льгов-Киевский
352,7.383333333333336,Брянск-Льговский,Тула-1-Курская
4194,19.050000000000026,Стародуб,Лесок
4400,9.14999999999999,Люберцы II,Москва-Товарная-Смоленская
2335,20.066666666666684,Александро-Невская,Унеча
1402,9.51666666666668,Ряжск I,Мытищи
8908,7.666666666666669,Владимир,Присады
3185,9.600000000000003,Люберцы II,Сасово
4221,10.4,Смоленск-Сортировочный,Тула 2
5659,6.16666666666667,Ожерелье,Люберцы II
1815,15.250000000000004,Люблино-Сортировочное,Александров-2
338,20.40000000000001,Елец,Новозыбков
2376,11.36666666666666,Стенькино-I,Аэропорт
5171,6.583333333333337,Лосиноостровская,Рыбное
3504,11.916666666666664,Плеханово,Аэропорт
2501,7.866666666666669,Ключёвка,Перово
3182,6.51666666666666,Люблино-Сортировочное,Москва-Сортировочная-Киевская
272,10.783333333333315,Лужки-Орловские,Курск
4632,11.81666666666667,Александров-2,Вековка
3451,8.750000000000007,Смоленск-Сортировочный,Рыбное
779,8.466666666666667,Лосиноостровская,Петушки
1064,14.300000000000011,Курск,Вековка
3402,18.750000000000018,Александро-Невская,Белгород
140,8.7,Орёл,Лужки-Орловские
3126,7.033333333333322,Бекасово-Сортировочное,Владимир
2885,13.566666666666684,Лесок,Курск
2255,10.866666666666651,Лужки-Орловские,Бекасово-Сортировочное
337,5.283333333333336,Воскресенск,Ожерелье
732,8.283333333333342,Плеханово,Курск
3730,16.266666666666673,Узуново,Новозыбков
4517,6.066666666666666,Воскресенск,Щёлково
614,8.033333333333337,Зелёный Бор,Стенькино-I
114,13.76666666666668,Стародуб,Плеханово
584,4.683333333333332,Северная,Елец
233,6.316666666666675,Зелёный Бор,Орёл
824,8.9,Владимир,Брянск-Льговский
5083,1.6666666666666667,Присады,Ожерелье
6056,19.283333333333324,Кунцево II,Унеча
1988,19.06666666666668,Перово,Стародуб
4543,13.350000000000012,Присады,Тула-1-Курская
2032,12.18333333333334,Курбакинская,Плеханово
7213,8.900000000000011,Плеханово,Рязань-2
990,3.383333333333323,Вековка,Люберцы II
198,5.200000000000003,Лесок,Воскресенск
2044,12.85000000000001,Орёл,Перово
1134,14.983333333333348,Орёл,Рязань-2
3389,6.3166666666666655,Владимир,Мытищи
2405,11.249999999999991,Щёлково,Елец
119,12.233333333333327,Мытищи,Белгород
723,7.116666666666669,Узуново,Балашиха
2987,7.450000000000011,Лесок,Присады
3,14.799999999999995,Лосиноостровская,Погар
74,14.099999999999993,Сасово,Москва-Сортировочная-Киевская
2703,7.36666666666667,Стенькино-I,Лосиноостровская
509,9.06666666666667,Плеханово,Москва-Товарная-Смоленская
5,8.233333333333336,Владимир,Смоленск-Сортировочный
1632,12.883333333333333,Смоленск-Сортировочный,Подмосковная
1094,10.13333333333333,Узуново,Москва-Сортировочная-Киевская
237,3.366666666666669,Люберцы II,Петушки
1309,9.61666666666667,Сасово,Балашиха
253,6.566666666666665,Бекасово-Сортировочное,Стенькино-I
4307,14.483333333333338,Серпухов,Зелёный Бор
1474,9.91666666666666,Москва-Сортировочная-Киевская,Рыбное
5617,20.26666666666665,Аэропорт,Белгород
2159,12.649999999999997,Сухиничи-Главные,Унеча
2336,7.533333333333346,Кусково,Ряжск I
8251,8.099999999999993,Щёлково,Лужки-Орловские
4530,15.083333333333329,Тула-1-Курская,Елец
5860,9.400000000000004,Ключёвка,Лосиноостровская
3297,14.299999999999985,Малоярославец,Ярославль-Главный
4625,8.250000000000004,Ключёвка,Балашиха
3268,13.249999999999991,Лужки-Орловские,Перово
2721,10.516666666666657,Владимир,Волоколамск
1742,10.316666666666656,Волоколамск,Перово
2189,10.116666666666683,Присады,Орёл
695,10.366666666666667,Воскресенск,Сухиничи-Главные
4459,7.483333333333336,Яничкино,Присады
2097,9.383333333333336,Стародуб,Курбакинская
112,9.899999999999997,Брянск-Льговский,Вязьма
4228,9.933333333333348,Зелёный Бор,Ряжск I
1495,7.2500000000000036,Лосиноостровская,Лесок
6331,9.383333333333352,Узуново,Орёл
241,16.516666666666683,Белгород,Яничкино
66,10.9,Кусково,Александров-2
7297,9.516666666666666,Александро-Невская,Лосиноостровская
3540,8.949999999999998,Лесок,Кунцево II
3921,1.8666666666666667,Присады,Ключёвка
589,20.19999999999998,Лужки-Орловские,Новозыбков
127,5.866666666666665,Волоколамск,Люблино-Сортировочное
3718,7.283333333333337,Северная,Перово
1642,8.516666666666666,Москва-Товарная-Смоленская,Стенькино-I
5437,19.783333333333356,Стародуб,Вековка
3269,9.816666666666672,Сухиничи-Главные,Вековка
5359,11.333333333333329,Рязань-2,Москва-Сортировочная-Киевская
4528,19.766666666666666,Ярославль-Главный,Унеча
3558,8.150000000000002,Присады,Серпухов
528,12.01666666666668,Ожерелье,Унеча
2454,9.716666666666672,Присады,Александро-Невская
6889,2.166666666666667,Орехово-Зуево,Перово
5973,7.2500000000000036,Лесок,Лосиноостровская
4969,6.583333333333334,Перово,Щёлково
2754,16.216666666666683,Курбакинская,Рязань-2
1093,11.999999999999991,Аэропорт,Рязань-2
2442,5.066666666666667,Ожерелье,Бекасово-Сортировочное
1253,8.216666666666656,Льгов-Киевский,Щёлково
1261,14.149999999999984,Ярославль-Главный,Москва-Сортировочная-Киевская
1038,10.466666666666669,Петушки,Ключёвка
1797,10.483333333333334,Северная,Смоленск-Сортировочный
4098,11.166666666666664,Александро-Невская,Ярославль-Главный
387,7.033333333333332,Бекасово-Сортировочное,Смоленск-Сортировочный
3685,10.599999999999984,Воскресенск,Малоярославец
27,7.9166666666666705,Лесок,Зелёный Бор
515,13.166666666666682,Тула-1-Курская,Северная
577,6.383333333333333,Кусково,Щёлково
831,13.449999999999992,Владимир,Лужки-Орловские
55,8.5,Кусково,Брянск-Льговский
715,13.74999999999999,Льгов-Киевский,Балашиха
319,9.53333333333334,Смоленск-Сортировочный,Стенькино-I
6355,8.666666666666664,Подмосковная,Воскресенск
1681,7.666666666666669,Кусково,Ключёвка
6513,9.533333333333337,Щёлково,Северная
697,9.183333333333332,Зелёный Бор,Смоленск-Сортировочный
3490,10.799999999999995,Аэропорт,Узуново
1689,6.5,Балашиха,Мытищи
1288,4.233333333333332,Красное,Вязьма
355,6.633333333333328,Кунцево II,Москва-Сортировочная-Киевская
47,10.683333333333335,Люблино-Сортировочное,Зелёный Бор
108,16.500000000000007,Орёл,Александро-Невская
1334,7.499999999999993,Сухиничи-Главные,Тула 2
4143,6.550000000000001,Северная,Бекасово-Сортировочное
1446,14.749999999999996,Малоярославец,Орёл
4829,6.750000000000003,Яничкино,Узуново
2899,20.783333333333324,Кунцево II,Погар
2697,7.116666666666668,Плеханово,Бекасово-Сортировочное
1373,11.91666666666668,Орехово-Зуево,Курбакинская
3249,6.533333333333334,Люблино-Сортировочное,Вязьма
575,4.15,Яничкино,Кусково
1978,12.23333333333333,Белгород,Мытищи
6350,7.133333333333333,Петушки,Владимир
672,18.550000000000026,Рязань-2,Унеча
2091,9.85,Красное,Плеханово
4621,4.799999999999995,Подмосковная,Лесок
60,3.916666666666667,Ряжск I,Северная
7736,11.316666666666665,Белгород,Зелёный Бор
757,8.983333333333324,Владимир,Москва-Товарная-Смоленская
92,11.016666666666662,Малоярославец,Присады
751,8.983333333333336,Ожерелье,Ярославль-Главный
3025,10.133333333333328,Москва-Сортировочная-Киевская,Узуново
294,14.766666666666662,Сасово,Аэропорт
2612,5.266666666666668,Сухиничи-Главные,Мытищи
380,13.633333333333328,Подмосковная,Серпухов
1061,10.98333333333334,Елец,Курск
3169,12.033333333333342,Льгов-Киевский,Люблино-Сортировочное
3305,8.983333333333336,Ярославль-Главный,Ожерелье
4457,19.19999999999999,Новозыбков,Щёлково
876,8.9,Брянск-Льговский,Владимир
3801,8.116666666666681,Балашиха,Ряжск I
6436,18.26666666666666,Сасово,Льгов-Киевский
42,7.783333333333328,Кунцево II,Смоленск-Сортировочный
3844,17.416666666666657,Белгород,Москва-Товарная-Смоленская
211,12.966666666666663,Кунцево II,Орёл
2055,14.34999999999998,Льгов-Киевский,Тула 2
3633,11.433333333333335,Зелёный Бор,Сасово
68,12.01666666666668,Унеча,Ожерелье
2997,6.533333333333334,Зелёный Бор,Перово
4779,9.133333333333336,Зелёный Бор,Петушки
4033,11.95000000000001,Орёл,Новозыбков
139,23.91666666666665,Новозыбков,Москва-Товарная-Смоленская
925,6.666666666666662,Люблино-Сортировочное,Малоярославец
3869,9.416666666666671,Брянск-Льговский,Вековка
3694,7.733333333333332,Рыбное,Москва-Товарная-Смоленская
873,17.016666666666655,Льгов-Киевский,Александро-Невская
595,13.366666666666656,Льгов-Киевский,Перово
1245,2.533333333333334,Орехово-Зуево,Люберцы II
11748,16.966666666666654,Тула 2,Александров-2
169,13.55,Брянск-Льговский,Подмосковная
259,18.93333333333334,Подмосковная,Курбакинская
1792,11.199999999999989,Льгов-Киевский,Орехово-Зуево
3376,9.933333333333351,Северная,Орёл
483,10.866666666666662,Сухиничи-Главные,Присады
1847,10.883333333333336,Елец,Яничкино
3752,7.183333333333335,Ярославль-Главный,Щёлково
1787,13.23333333333334,Орёл,Балашиха
11112,10.866666666666656,Лосиноостровская,Кунцево II
3777,10.34999999999999,Красное,Петушки
470,11.81666666666668,Присады,Унеча
3682,18.94999999999999,Белгород,Волоколамск
638,14.049999999999986,Москва-Сортировочная-Киевская,Подмосковная
4849,9.08333333333332,Щёлково,Бекасово-Сортировочное
8292,5.733333333333338,Погар,Курск
2924,11.85,Елец,Орёл
880,12.099999999999987,Мытищи,Волоколамск
415,11.266666666666666,Балашиха,Сухиничи-Главные
245,6.716666666666667,Ярославль-Главный,Мытищи
10518,12.883333333333349,Северная,Стародуб
3286,9.433333333333325,Елец,Льгов-Киевский
281,11.25,Балашиха,Елец
890,13.31666666666668,Погар,Присады
3824,10.699999999999992,Стенькино-I,Сухиничи-Главные
473,23.683333333333344,Новозыбков,Серпухов
761,8.88333333333334,Вековка,Плеханово
260,9.933333333333348,Ряжск I,Зелёный Бор
3959,5.633333333333336,Стенькино-I,Кусково
2257,10.116666666666672,Ключёвка,Александро-Невская
3742,6.316666666666656,Воскресенск,Бекасово-Сортировочное
3581,11.833333333333336,Петушки,Сасово
6403,13.566666666666675,Рыбное,Орёл
6026,21.58333333333332,Унеча,Аэропорт
7615,6.733333333333334,Присады,Бекасово-Сортировочное
485,5.416666666666671,Люберцы II,Рыбное
2051,7.300000000000004,Погар,Льгов-Киевский
815,5.733333333333334,Щёлково,Сухиничи-Главные
13882,14.249999999999996,Сасово,Малоярославец
6389,26.09999999999998,Москва-Сортировочная-Киевская,Новозыбков
3474,9.199999999999996,Москва-Сортировочная-Киевская,Ожерелье
3076,11.966666666666656,Ярославль-Главный,Москва-Товарная-Смоленская
1493,12.499999999999986,Лосиноостровская,Москва-Сортировочная-Киевская
82,17.83333333333332,Тула-1-Курская,Москва-Сортировочная-Киевская
10104,17.683333333333334,Вязьма,Александров-2
2034,7.500000000000003,Мытищи,Лесок
3043,4.5,Ряжск I,Ключёвка
2489,12.349999999999998,Александро-Невская,Брянск-Льговский
3324,22.16666666666665,Москва-Сортировочная-Киевская,Стародуб
517,6.43333333333334,Лесок,Вековка
568,11.916666666666668,Москва-Товарная-Смоленская,Сасово
435,8.63333333333333,Люблино-Сортировочное,Александро-Невская
410,10.900000000000013,Ключёвка,Белгород
5108,6.066666666666666,Щёлково,Воскресенск
3784,11.700000000000005,Бекасово-Сортировочное,Курбакинская
2414,5.0666666666666655,Ожерелье,Елец
9523,6.633333333333323,Кусково,Бекасово-Сортировочное
778,8.999999999999991,Смоленск-Сортировочный,Петушки
1617,10.566666666666665,Рязань-2,Тула 2
62,5.816666666666668,Ожерелье,Яничкино
997,6.783333333333328,Кунцево II,Малоярославец
7768,10.00000000000001,Унеча,Тула-1-Курская
5382,8.949999999999996,Вязьма,Аэропорт
1657,7.66666666666667,Присады,Владимир
232,6.950000000000001,Люберцы II,Щёлково
3923,6.0,Бекасово-Сортировочное,Узуново
398,14.483333333333338,Зелёный Бор,Серпухов
2876,15.833333333333346,Курск,Александро-Невская
5797,14.299999999999992,Курск,Александров-2
9761,14.53333333333334,Серпухов,Щёлково
6253,7.483333333333336,Владимир,Северная
7018,4.866666666666665,Елец,Присады
9,4.433333333333323,Воскресенск,Вековка
3186,8.450000000000017,Вековка,Ряжск I
2905,11.3,Александров-2,Владимир
803,6.933333333333335,Владимир,Узуново
267,6.583333333333334,Щёлково,Перово
2370,15.183333333333335,Тула-1-Курская,Новозыбков
416,20.000000000000025,Сасово,Белгород
2275,10.016666666666657,Бекасово-Сортировочное,Ярославль-Главный
1102,9.916666666666666,Тула 2,Северная
3439,13.733333333333324,Льгов-Киевский,Люберцы II
8361,9.816666666666672,Москва-Сортировочная-Киевская,Вековка
1588,6.516666666666671,Ожерелье,Вековка
3193,13.283333333333324,Аэропорт,Зелёный Бор
847,16.16666666666666,Белгород,Смоленск-Сортировочный
40,7.516666666666667,Вязьма,Тула 2
1016,10.5,Тула 2,Ключёвка
592,11.68333333333332,Смоленск-Сортировочный,Льгов-Киевский
5595,7.649999999999994,Малоярославец,Тула 2
1869,10.916666666666671,Красное,Лосиноостровская
1448,5.600000000000001,Рязань-2,Сасово
1265,10.199999999999989,Тула 2,Перово
397,8.98333333333333,Подмосковная,Кусково
752,11.283333333333337,Вязьма,Ключёвка
378,17.28333333333333,Вязьма,Тула-1-Курская
1170,9.933333333333335,Курбакинская,Лужки-Орловские
1834,10.883333333333336,Вязьма,Присады
1270,8.433333333333337,Петушки,Стенькино-I
512,9.63333333333334,Курбакинская,Погар
1925,7.566666666666677,Сухиничи-Главные,Курбакинская
6410,11.83333333333334,Тула 2,Ряжск I
2205,5.450000000000016,Белгород,Орёл
1644,11.16666666666665,Владимир,Москва-Сортировочная-Киевская
3611,6.183333333333333,Серпухов,Бекасово-Сортировочное
2221,11.249999999999996,Сухиничи-Главные,Плеханово
6201,13.133333333333344,Белгород,Ряжск I
1638,16.833333333333314,Малоярославец,Курск
2566,17.216666666666686,Вековка,Белгород
1640,1.3833333333333335,Зелёный Бор,Щёлково
8162,13.516666666666676,Ожерелье,Погар
79,13.233333333333338,Александров-2,Рязань-2
1498,13.500000000000004,Александров-2,Узуново
950,5.433333333333334,Москва-Товарная-Смоленская,Волоколамск
2946,19.73333333333333,Александро-Невская,Тула-1-Курская
4003,6.850000000000002,Рязань-2,Балашиха
6476,11.53333333333333,Присады,Аэропорт
3640,14.13333333333333,Зелёный Бор,Погар
135,9.699999999999989,Кунцево II,Люберцы II
1441,10.31666666666668,Северная,Белгород
1115,16.28333333333334,Владимир,Тула-1-Курская
1110,9.199999999999996,Сухиничи-Главные,Ожерелье
962,6.816666666666672,Белгород,Курбакинская
2168,6.833333333333336,Мытищи,Вековка
1572,14.400000000000002,Смоленск-Сортировочный,Тула-1-Курская
552,10.133333333333328,Сухиничи-Главные,Узуново
13457,16.89999999999999,Александро-Невская,Лужки-Орловские
4699,7.633333333333326,Лужки-Орловские,Мытищи
3307,6.333333333333334,Кусково,Зелёный Бор
4938,14.299999999999985,Ярославль-Главный,Малоярославец
3223,17.88333333333332,Александров-2,Малоярославец
1894,0.9166666666666669,Мытищи,Зелёный Бор
1054,9.99999999999999,Тула 2,Кусково
969,8.033333333333337,Стенькино-I,Зелёный Бор
11562,18.033333333333324,Бекасово-Сортировочное,Стародуб
2526,7.183333333333344,Ключёвка,Рыбное
6100,12.516666666666662,Москва-Сортировочная-Киевская,Красное
5959,14.366666666666678,Сасово,Елец
5610,8.150000000000011,Лесок,Плеханово
731,12.99999999999999,Малоярославец,Александро-Невская
177,10.850000000000009,Елец,Лесок
38,6.6166666666666565,Москва-Товарная-Смоленская,Орехово-Зуево
9554,18.499999999999996,Тула-1-Курская,Аэропорт
810,8.183333333333334,Брянск-Льговский,Воскресенск
90,2.0833333333333344,Рязань-2,Лесок
13076,8.933333333333323,Сухиничи-Главные,Аэропорт
1555,8.266666666666676,Плеханово,Стенькино-I
6184,5.250000000000003,Рыбное,Владимир
2882,9.899999999999997,Вязьма,Брянск-Льговский
1463,3.7166666666666615,Стенькино-I,Александро-Невская
1776,13.633333333333326,Лужки-Орловские,Балашиха
224,6.483333333333336,Рязань-2,Яничкино
558,10.016666666666673,Лосиноостровская,Люблино-Сортировочное
2519,19.800000000000026,Рязань-2,Стародуб
545,10.449999999999989,Москва-Сортировочная-Киевская,Брянск-Льговский
7984,8.416666666666675,Льгов-Киевский,Узуново
2959,6.100000000000002,Лесок,Балашиха
1902,6.116666666666666,Перово,Мытищи
2145,6.000000000000003,Владимир,Ожерелье
4650,12.583333333333345,Узуново,Погар
7410,21.616666666666656,Стародуб,Вязьма
3561,8.60000000000001,Рязань-2,Ключёвка
2186,4.333333333333334,Люблино-Сортировочное,Москва-Товарная-Смоленская
1577,14.749999999999998,Александро-Невская,Александров-2
1953,6.233333333333324,Брянск-Льговский,Курск
3995,11.483333333333333,Александров-2,Балашиха
5650,14.299999999999992,Александров-2,Курск
2513,9.06666666666667,Северная,Мытищи
1543,12.750000000000004,Ряжск I,Малоярославец
2190,7.333333333333337,Ожерелье,Лосиноостровская
1144,4.866666666666665,Присады,Елец
864,7.466666666666664,Александро-Невская,Воскресенск
243,7.533333333333333,Ярославль-Главный,Яничкино
840,6.550000000000001,Бекасово-Сортировочное,Северная
19136,7.116666666666668,Балашиха,Узуново
1466,11.283333333333331,Узуново,Красное
6098,17.20000000000001,Новозыбков,Ожерелье
5000,9.250000000000004,Яничкино,Сасово
1561,9.81666666666667,Смоленск-Сортировочный,Мытищи
1314,15.966666666666658,Петушки,Льгов-Киевский
3793,10.933333333333335,Тула-1-Курская,Щёлково
1308,13.516666666666657,Аэропорт,Александро-Невская
1489,12.249999999999986,Елец,Лужки-Орловские
2095,18.200000000000017,Унеча,Балашиха
5363,12.56666666666667,Александров-2,Ожерелье
1042,25.549999999999983,Вязьма,Новозыбков
145,6.19999999999999,Смоленск-Сортировочный,Кусково
12560,5.566666666666681,Орехово-Зуево,Ряжск I
995,17.73333333333332,Москва-Сортировочная-Киевская,Александров-2
816,11.316666666666672,Ключёвка,Подмосковная
13317,10.716666666666663,Подмосковная,Лосиноостровская
5326,6.983333333333335,Люблино-Сортировочное,Ряжск I
276,21.76666666666665,Погар,Волоколамск
75,15.91666666666665,Тула 2,Курск
5281,15.750000000000004,Красное,Тула-1-Курская
424,2.8166666666666664,Погар,Белгород
5866,20.26666666666665,Белгород,Аэропорт
4012,8.75,Вязьма,Орехово-Зуево
8519,14.316666666666684,Рязань-2,Курск
425,12.7,Вязьма,Мытищи
1860,17.800000000000026,Лесок,Унеча
5519,6.316666666666656,Бекасово-Сортировочное,Воскресенск
3084,19.749999999999982,Белгород,Малоярославец
662,9.250000000000004,Сасово,Яничкино
3648,19.04999999999999,Белгород,Вязьма
1728,13.683333333333335,Серпухов,Сасово
2867,6.600000000000011,Северная,Рыбное
1020,12.849999999999987,Сухиничи-Главные,Александро-Невская
11130,13.16666666666668,Северная,Тула-1-Курская
4385,8.683333333333344,Тула-1-Курская,Белгород
2203,9.5,Серпухов,Рыбное
36,5.283333333333336,Ожерелье,Воскресенск
5711,6.8333333333333375,Люберцы II,Рязань-2
3746,14.200000000000005,Курбакинская,Кунцево II
5942,9.883333333333336,Сасово,Люблино-Сортировочное
1185,16.150000000000006,Красное,Александров-2
2253,3.0833333333333344,Брянск-Льговский,Мытищи
1406,11.86666666666666,Москва-Товарная-Смоленская,Подмосковная
4058,5.3500000000000005,Воскресенск,Лосиноостровская
5357,7.966666666666669,Плеханово,Кусково
3042,8.18333333333333,Александро-Невская,Владимир
764,12.66666666666667,Серпухов,Балашиха
836,10.766666666666652,Кусково,Москва-Сортировочная-Киевская
444,6.849999999999998,Тула 2,Волоколамск
2142,7.566666666666666,Ожерелье,Кунцево II
2448,9.850000000000009,Льгов-Киевский,Плеханово
964,12.516666666666673,Красное,Орёл
689,5.766666666666671,Курск,Тула-1-Курская
116,11.516666666666673,Рязань-2,Красное
450,7.316666666666666,Ярославль-Главный,Кусково
2394,10.316666666666656,Москва-Товарная-Смоленская,Лосиноостровская
12420,15.54999999999999,Москва-Товарная-Смоленская,Александров-2
89,10.41666666666667,Щёлково,Плеханово
3584,4.416666666666667,Орехово-Зуево,Щёлково
868,12.516666666666673,Орёл,Красное
5612,7.749999999999999,Люблино-Сортировочное,Елец
2407,13.71666666666668,Ключёвка,Погар
11,16.83333333333331,Курск,Малоярославец
4994,6.866666666666678,Ряжск I,Сасово
298,15.08333333333333,Елец,Тула-1-Курская
1316,25.44999999999998,Новозыбков,Волоколамск
1532,11.700000000000005,Курбакинская,Бекасово-Сортировочное
2004,12.366666666666664,Ярославль-Главный,Подмосковная
8551,1.2833333333333334,Северная,Присады
8532,12.616666666666662,Лужки-Орловские,Александров-2
7328,5.866666666666667,Лосиноостровская,Перово
2249,13.849999999999994,Ярославль-Главный,Лужки-Орловские
4912,19.950000000000017,Подмосковная,Белгород
12717,9.383333333333333,Владимир,Подмосковная
2535,7.93333333333334,Ожерелье,Рязань-2
996,7.300000000000003,Щёлково,Вековка
3970,14.116666666666672,Ряжск I,Курбакинская
1057,25.60000000000001,Новозыбков,Петушки
541,8.716666666666669,Петушки,Мытищи
4297,14.800000000000017,Курбакинская,Рыбное
2771,17.61666666666668,Унеча,Кусково
354,7.616666666666669,Мытищи,Стенькино-I
565,11.76666666666667,Воскресенск,Серпухов
1823,14.233333333333348,Орёл,Лесок
1241,11.983333333333322,Тула 2,Мытищи
8627,8.03333333333332,Тула 2,Орехово-Зуево
8589,5.833333333333337,Перово,Стенькино-I
2769,10.699999999999992,Сухиничи-Главные,Стенькино-I
5786,10.983333333333317,Льгов-Киевский,Бекасово-Сортировочное
2775,16.683333333333344,Курбакинская,Петушки
3532,4.7333333333333325,Яничкино,Балашиха
377,13.500000000000004,Узуново,Александров-2
9376,17.133333333333358,Рыбное,Унеча
1759,8.51666666666667,Мытищи,Узуново
2416,17.466666666666676,Тула-1-Курская,Лесок
604,7.033333333333322,Владимир,Бекасово-Сортировочное
4654,10.733333333333327,Лесок,Малоярославец
5178,11.81666666666667,Александров-2,Рыбное
5451,9.983333333333348,Ряжск I,Щёлково
4149,8.000000000000007,Северная,Вековка
1597,17.216666666666686,Белгород,Вековка
6949,6.833333333333336,Вековка,Мытищи
1153,10.583333333333332,Александро-Невская,Петушки
2752,15.45000000000001,Петушки,Орёл
3740,12.516666666666678,Плеханово,Унеча
1229,8.81666666666666,Брянск-Льговский,Кунцево II
1357,17.183333333333348,Белгород,Серпухов
6875,2.166666666666667,Перово,Орехово-Зуево
1215,8.816666666666654,Воскресенск,Кунцево II
2517,10.133333333333333,Бекасово-Сортировочное,Елец
155,7.199999999999998,Бекасово-Сортировочное,Рязань-2
8196,15.950000000000014,Погар,Ряжск I
641,12.083333333333323,Александро-Невская,Тула 2
2052,9.816666666666672,Вековка,Москва-Сортировочная-Киевская
795,9.066666666666665,Кунцево II,Стенькино-I
1568,6.200000000000003,Люберцы II,Стенькино-I
1058,13.366666666666651,Лужки-Орловские,Кунцево II
532,7.566666666666677,Присады,Стенькино-I
615,10.466666666666669,Тула-1-Курская,Мытищи
1442,10.750000000000009,Узуново,Курбакинская
1403,9.91666666666667,Узуново,Ярославль-Главный
561,1.7833333333333343,Воскресенск,Люберцы II
708,23.383333333333344,Новозыбков,Балашиха
6167,8.050000000000004,Ожерелье,Щёлково
2479,15.649999999999997,Узуново,Лужки-Орловские
1233,9.26666666666668,Ряжск I,Лосиноостровская
3165,1.6833333333333331,Северная,Ключёвка
1456,15.183333333333335,Курбакинская,Волоколамск
9598,7.466666666666664,Воскресенск,Александро-Невская
118,3.5500000000000007,Щёлково,Брянск-Льговский
848,8.816666666666656,Кунцево II,Воскресенск
8042,15.983333333333343,Ряжск I,Тула-1-Курская
3267,19.749999999999982,Малоярославец,Белгород
1336,12.849999999999987,Александро-Невская,Москва-Сортировочная-Киевская
2836,16.5,Аэропорт,Курбакинская
971,12.966666666666663,Смоленск-Сортировочный,Серпухов
121,8.71666666666666,Александро-Невская,Бекасово-Сортировочное
735,9.216666666666669,Ожерелье,Вязьма
7553,20.833333333333343,Орехово-Зуево,Новозыбков
7114,4.549999999999999,Владимир,Яничкино
12105,16.966666666666654,Александров-2,Тула 2
710,12.66666666666666,Красное,Малоярославец
393,12.61666666666666,Александров-2,Лужки-Орловские
282,7.8333333333333375,Присады,Люберцы II
46,6.516666666666671,Рыбное,Ожерелье
1210,12.916666666666655,Красное,Лужки-Орловские
1028,9.433333333333325,Бекасово-Сортировочное,Петушки
893,5.766666666666672,Рыбное,Вековка
1581,9.366666666666664,Тула 2,Узуново
1411,9.650000000000002,Рязань-2,Ярославль-Главный
4,19.73333333333333,Тула-1-Курская,Александро-Невская
2314,26.450000000000017,Новозыбков,Подмосковная
4318,14.749999999999996,Стенькино-I,Лужки-Орловские
5279,8.000000000000004,Рязань-2,Лосиноостровская
1332,16.650000000000006,Лужки-Орловские,Ряжск I
978,11.100000000000003,Брянск-Льговский,Узуново
771,11.116666666666651,Перово,Малоярославец
2604,3.466666666666677,Ряжск I,Стенькино-I
4520,7.700000000000008,Орёл,Щёлково
6161,7.616666666666661,Волоколамск,Сухиничи-Главные
4554,13.049999999999994,Кусково,Лужки-Орловские
3937,10.500000000000014,Белгород,Присады
1454,9.483333333333338,Северная,Зелёный Бор
633,13.166666666666668,Щёлково,Вязьма
50,10.683333333333334,Сухиничи-Главные,Кусково
998,9.083333333333332,Балашиха,Брянск-Льговский
3284,8.20000000000001,Рязань-2,Присады
2873,7.21666666666667,Орехово-Зуево,Красное
974,10.166666666666671,Брянск-Льговский,Ожерелье
1398,9.400000000000002,Красное,Яничкино
1487,14.86666666666666,Льгов-Киевский,Стенькино-I
5443,12.799999999999986,Петушки,Тула 2
3096,22.516666666666687,Подмосковная,Стародуб
1175,6.133333333333333,Мытищи,Яничкино
428,9.183333333333332,Перово,Подмосковная
5706,16.683333333333312,Курск,Москва-Сортировочная-Киевская
4568,6.6000000000000005,Яничкино,Щёлково
19,12.85,Орёл,Люблино-Сортировочное
774,13.699999999999983,Лужки-Орловские,Белгород
35,7.983333333333341,Ключёвка,Курск
8919,7.850000000000001,Балашиха,Присады
576,11.48333333333334,Курбакинская,Присады
5062,7.666666666666669,Балашиха,Северная
1095,8.416666666666655,Москва-Сортировочная-Киевская,Малоярославец
2909,12.216666666666676,Александров-2,Орёл
3036,5.516666666666669,Кусково,Лесок
590,13.716666666666653,Малоярославец,Петушки
2579,11.866666666666664,Красное,Волоколамск
12029,13.11666666666667,Елец,Александро-Невская
256,13.96666666666666,Вековка,Лужки-Орловские
905,19.68333333333335,Погар,Люберцы II
1943,21.649999999999988,Погар,Тула 2
5543,4.716666666666667,Люберцы II,Яничкино
156,3.0000000000000013,Перово,Петушки
2533,13.350000000000014,Тула-1-Курская,Присады
698,3.9,Курбакинская,Курск
10020,18.83333333333333,Унеча,Красное
1821,8.683333333333332,Серпухов,Кунцево II
627,6.46666666666667,Перово,Рязань-2
12198,12.333333333333345,Воскресенск,Орёл
2709,9.883333333333326,Елец,Сухиничи-Главные
2857,9.916666666666666,Северная,Тула 2
3516,6.716666666666667,Мытищи,Ярославль-Главный
129,13.883333333333317,Аэропорт,Щёлково
14662,15.64999999999999,Новозыбков,Брянск-Льговский
3338,9.933333333333334,Смоленск-Сортировочный,Узуново
1191,11.466666666666669,Люберцы II,Александров-2
14231,4.7333333333333325,Балашиха,Яничкино
195,8.58333333333334,Вековка,Ключёвка
1440,12.766666666666657,Малоярославец,Зелёный Бор
1211,15.46666666666667,Ярославль-Главный,Серпухов
790,13.966666666666658,Льгов-Киевский,Ярославль-Главный
675,15.65,Москва-Товарная-Смоленская,Тула-1-Курская
185,16.800000000000004,Тула-1-Курская,Рыбное
318,13.916666666666671,Орехово-Зуево,Тула-1-Курская
5598,13.849999999999994,Лужки-Орловские,Ярославль-Главный
8076,6.499999999999998,Мытищи,Балашиха
1305,14.63333333333333,Лужки-Орловские,Лесок
8718,11.483333333333334,Ярославль-Главный,Сухиничи-Главные
10086,14.933333333333335,Александров-2,Плеханово
5744,9.433333333333325,Льгов-Киевский,Елец
1320,19.88333333333333,Тула-1-Курская,Серпухов
5478,9.53333333333334,Северная,Александро-Невская
3967,7.583333333333341,Присады,Курск
1625,9.250000000000004,Присады,Мытищи
16,12.783333333333353,Ряжск I,Красное
14975,11.416666666666677,Орехово-Зуево,Курск
600,13.566666666666656,Владимир,Льгов-Киевский
737,6.533333333333334,Брянск-Льговский,Орехово-Зуево
7266,6.21666666666667,Узуново,Воскресенск
7583,6.183333333333333,Бекасово-Сортировочное,Серпухов
2116,10.299999999999986,Воскресенск,Вязьма
1155,10.833333333333336,Рязань-2,Брянск-Льговский
4401,9.000000000000004,Лосиноостровская,Присады
928,9.566666666666665,Подмосковная,Балашиха
234,6.366666666666657,Смоленск-Сортировочный,Люберцы II
3548,12.416666666666668,Орёл,Москва-Товарная-Смоленская
2807,9.799999999999994,Брянск-Льговский,Волоколамск
5227,10.683333333333332,Волоколамск,Рязань-2
13401,11.783333333333331,Петушки,Подмосковная
4184,19.78333333333333,Стародуб,Александров-2
3589,7.550000000000011,Курбакинская,Зелёный Бор
2553,10.88333333333334,Стенькино-I,Красное
1283,7.233333333333342,Мытищи,Орёл
511,4.166666666666668,Люблино-Сортировочное,Северная
1147,9.149999999999997,Брянск-Льговский,Белгород
14337,9.08333333333332,Кусково,Вязьма
716,11.416666666666664,Ключёвка,Малоярославец
8099,6.100000000000002,Балашиха,Лесок
1578,14.716666666666654,Аэропорт,Подмосковная
1469,20.98333333333334,Тула-1-Курская,Сасово
1952,5.600000000000001,Сасово,Рязань-2
7340,19.450000000000014,Балашиха,Стародуб
2160,11.849999999999994,Тула 2,Зелёный Бор
11700,7.216666666666679,Ряжск I,Воскресенск
1734,9.316666666666658,Мытищи,Курск
9648,8.983333333333338,Александро-Невская,Узуново
2334,14.050000000000004,Вязьма,Орёл
163,10.66666666666666,Александро-Невская,Москва-Товарная-Смоленская
2578,9.483333333333334,Узуново,Волоколамск
1150,18.15,Сасово,Лужки-Орловские
11190,13.699999999999983,Белгород,Лужки-Орловские
1029,10.46666666666666,Серпухов,Малоярославец
3128,9.01666666666667,Ярославль-Главный,Стенькино-I
3018,5.6,Воскресенск,Мытищи
3956,12.66666666666667,Балашиха,Серпухов
98,14.133333333333333,Погар,Зелёный Бор
8878,8.183333333333342,Кунцево II,Вековка
5693,20.03333333333335,Вековка,Погар
265,8.7,Лужки-Орловские,Орёл
104,11.033333333333324,Щёлково,Москва-Товарная-Смоленская
2012,7.899999999999999,Балашиха,Ярославль-Главный
2010,4.333333333333332,Владимир,Кусково
2447,14.35000000000001,Стенькино-I,Орёл
649,6.550000000000001,Зелёный Бор,Яничкино
701,7.266666666666669,Присады,Кусково
2559,20.083333333333325,Стародуб,Красное
3635,11.966666666666656,Москва-Товарная-Смоленская,Ярославль-Главный
3947,16.099999999999987,Александров-2,Кунцево II
434,8.75,Орехово-Зуево,Вязьма
1462,19.100000000000016,Белгород,Петушки
4109,7.9166666666666705,Зелёный Бор,Лесок
2525,12.100000000000016,Брянск-Льговский,Ряжск I
3493,6.083333333333329,Москва-Сортировочная-Киевская,Москва-Товарная-Смоленская
9260,9.716666666666669,Щёлково,Присады
489,3.550000000000004,Орехово-Зуево,Лесок
4275,11.999999999999986,Люберцы II,Аэропорт
1782,22.983333333333352,Новозыбков,Лесок
3476,21.06666666666665,Малоярославец,Унеча
1035,6.000000000000003,Плеханово,Орехово-Зуево
11520,19.700000000000017,Погар,Балашиха
696,19.516666666666687,Погар,Владимир
4690,7.300000000000006,Ожерелье,Стенькино-I
8041,5.916666666666666,Мытищи,Кусково
2777,10.083333333333336,Брянск-Льговский,Лесок
274,9.933333333333334,Узуново,Смоленск-Сортировочный
2415,7.883333333333335,Яничкино,Ключёвка
1998,8.133333333333322,Балашиха,Красное
3945,4.750000000000001,Люблино-Сортировочное,Ключёвка
3251,10.016666666666657,Ярославль-Главный,Бекасово-Сортировочное
5449,17.83333333333335,Яничкино,Унеча
2815,21.266666666666666,Погар,Ярославль-Главный
717,14.06666666666666,Подмосковная,Вязьма
4648,12.93333333333334,Смоленск-Сортировочный,Сасово
5984,13.450000000000008,Орёл,Ярославль-Главный
8950,12.349999999999998,Брянск-Льговский,Александро-Невская
3225,19.700000000000017,Балашиха,Погар
533,9.933333333333335,Лужки-Орловские,Курбакинская
2912,12.45,Вязьма,Лосиноостровская
2666,10.333333333333323,Яничкино,Волоколамск
148,12.766666666666657,Зелёный Бор,Малоярославец
2176,10.683333333333328,Сухиничи-Главные,Северная
3289,6.066666666666666,Владимир,Лосиноостровская
1867,6.733333333333325,Лужки-Орловские,Сухиничи-Главные
5041,9.61666666666667,Балашиха,Сасово
12298,16.083333333333336,Перово,Тула-1-Курская
738,18.63333333333336,Погар,Рыбное
2797,12.56666666666667,Ярославль-Главный,Красное
5399,12.750000000000018,Орёл,Ряжск I
191,8.283333333333342,Курск,Плеханово
1453,19.766666666666666,Унеча,Ярославль-Главный
678,19.050000000000004,Серпухов,Александров-2
3913,12.43333333333333,Александро-Невская,Серпухов
7945,10.216666666666669,Присады,Волоколамск
3158,9.666666666666666,Волоколамск,Серпухов
203,7.050000000000004,Льгов-Киевский,Стародуб
4389,6.683333333333328,Новозыбков,Погар
310,8.783333333333324,Перово,Москва-Товарная-Смоленская
885,12.900000000000018,Рыбное,Курск
429,10.116666666666656,Волоколамск,Кусково
124,16.500000000000007,Александро-Невская,Орёл
209,4.966666666666668,Стенькино-I,Сасово
976,17.816666666666684,Унеча,Перово
4231,11.033333333333324,Москва-Товарная-Смоленская,Щёлково
2002,10.833333333333329,Северная,Малоярославец
2665,8.71666666666667,Щёлково,Рязань-2
2557,3.3833333333333337,Балашиха,Петушки
11934,1.6166666666666676,Воскресенск,Кусково
2586,13.266666666666678,Ожерелье,Стародуб
11174,10.18333333333334,Узуново,Подмосковная
1460,4.549999999999999,Яничкино,Владимир
2473,8.716666666666669,Орехово-Зуево,Сухиничи-Главные
4924,8.450000000000017,Ряжск I,Вековка
2712,8.366666666666656,Лосиноостровская,Бекасово-Сортировочное
1000,7.733333333333347,Перово,Ряжск I
2295,6.499999999999995,Белгород,Новозыбков
4153,6.266666666666669,Кусково,Рязань-2
718,3.833333333333333,Яничкино,Воскресенск
1,17.200000000000006,Ожерелье,Новозыбков
3809,8.949999999999996,Аэропорт,Вязьма
789,16.51666666666665,Погар,Лужки-Орловские
2418,17.583333333333336,Тула-1-Курская,Стенькино-I
1718,9.500000000000004,Смоленск-Сортировочный,Ожерелье
9445,14.050000000000017,Тула-1-Курская,Плеханово
5262,14.249999999999996,Малоярославец,Сасово
2149,10.316666666666686,Орёл,Ожерелье
2953,7.616666666666661,Москва-Сортировочная-Киевская,Волоколамск
1436,19.75000000000001,Серпухов,Стародуб
10744,5.8666666666666645,Кунцево II,Тула 2
2412,14.233333333333317,Аэропорт,Петушки
3312,10.866666666666664,Присады,Москва-Сортировочная-Киевская
746,10.116666666666667,Петушки,Ярославль-Главный
773,9.81666666666667,Мытищи,Смоленск-Сортировочный
1645,14.71666666666666,Ожерелье,Лужки-Орловские
335,16.216666666666683,Рязань-2,Курбакинская
726,10.650000000000004,Присады,Ярославль-Главный
1990,13.366666666666651,Щёлково,Малоярославец
2068,6.783333333333333,Владимир,Щёлково
804,13.049999999999994,Лужки-Орловские,Кусково
1694,11.66666666666668,Сасово,Плеханово
2737,9.183333333333334,Петушки,Щёлково
1177,12.416666666666668,Москва-Товарная-Смоленская,Орёл
6564,7.499999999999991,Лосиноостровская,Льгов-Киевский
6593,6.7499999999999964,Аэропорт,Москва-Товарная-Смоленская
1746,17.81666666666666,Новозыбков,Зелёный Бор
1933,8.366666666666665,Красное,Брянск-Льговский
1942,5.850000000000002,Яничкино,Стенькино-I
4053,15.183333333333335,Волоколамск,Курбакинская
2102,15.499999999999991,Рязань-2,Льгов-Киевский
3450,11.233333333333334,Люберцы II,Елец
2166,3.95,Мытищи,Орехово-Зуево
2476,12.533333333333337,Брянск-Льговский,Плеханово
1838,26.500000000000018,Сасово,Новозыбков
11760,9.950000000000006,Сасово,Вековка
12645,9.950000000000006,Вековка,Сасово
2436,15.56666666666667,Воскресенск,Тула-1-Курская
1291,4.35,Перово,Яничкино
924,9.149999999999997,Тула 2,Рыбное
6672,13.51666666666668,Погар,Ожерелье
2318,9.46666666666665,Аэропорт,Орехово-Зуево
6053,10.5,Ключёвка,Тула 2
7132,16.800000000000008,Рыбное,Тула-1-Курская
6205,8.383333333333333,Красное,Бекасово-Сортировочное
2861,14.716666666666654,Подмосковная,Аэропорт
2624,7.749999999999999,Елец,Люблино-Сортировочное
1517,9.199999999999996,Подмосковная,Яничкино
5830,23.01666666666668,Яничкино,Новозыбков
1304,15.04999999999998,Курск,Кунцево II
594,9.199999999999996,Сухиничи-Главные,Смоленск-Сортировочный
2515,1.150000000000001,Люберцы II,Балашиха
7914,13.49999999999999,Ярославль-Главный,Волоколамск
10182,15.21666666666668,Унеча,Елец
5517,7.933333333333339,Рязань-2,Ожерелье
2707,23.73333333333335,Рязань-2,Новозыбков
3134,9.483333333333338,Зелёный Бор,Северная
95,8.533333333333335,Плеханово,Серпухов
1246,7.983333333333341,Курск,Ключёвка
620,9.06666666666667,Рязань-2,Петушки
7819,6.333333333333334,Зелёный Бор,Кусково
1009,10.116666666666656,Кусково,Волоколамск
2079,16.683333333333344,Петушки,Курбакинская
3005,10.433333333333328,Зелёный Бор,Москва-Товарная-Смоленская
1274,9.033333333333337,Сасово,Кусково
213,12.366666666666664,Подмосковная,Ярославль-Главный
421,3.6666666666666696,Стенькино-I,Орехово-Зуево
8615,10.683333333333325,Волоколамск,Люберцы II
1018,8.933333333333334,Александров-2,Орехово-Зуево
426,14.500000000000014,Александров-2,Ряжск I
8097,18.683333333333337,Тула-1-Курская,Петушки
17605,10.166666666666671,Рязань-2,Смоленск-Сортировочный
1256,8.683333333333337,Люблино-Сортировочное,Владимир
6668,16.033333333333317,Курск,Волоколамск
2081,11.633333333333336,Щёлково,Красное
6445,17.75000000000001,Сасово,Орёл
1157,8.933333333333346,Щёлково,Курбакинская
2252,8.63333333333333,Александро-Невская,Люблино-Сортировочное
7598,16.26666666666665,Стародуб,Лужки-Орловские
3046,7.383333333333326,Лосиноостровская,Лужки-Орловские
7144,19.26666666666668,Владимир,Стародуб
3754,21.566666666666684,Погар,Александро-Невская
936,13.96666666666666,Лужки-Орловские,Вековка
2693,13.633333333333328,Балашиха,Лужки-Орловские
5060,12.483333333333338,Серпухов,Владимир
550,3.3833333333333337,Петушки,Балашиха
900,10.699999999999989,Балашиха,Волоколамск
2972,10.983333333333327,Зелёный Бор,Кунцево II
206,10.849999999999994,Малоярославец,Стенькино-I
3888,13.61666666666666,Лужки-Орловские,Люберцы II
3598,23.100000000000016,Стенькино-I,Новозыбков
4187,17.066666666666663,Тула 2,Тула-1-Курская
2801,23.200000000000014,Новозыбков,Владимир
403,6.833333333333323,Льгов-Киевский,Зелёный Бор
4438,11.1,Перово,Александров-2
451,10.58333333333332,Балашиха,Тула 2
2565,2.566666666666665,Стародуб,Белгород
418,14.083333333333345,Курбакинская,Перово
6338,6.866666666666678,Сасово,Ряжск I
2151,12.333333333333346,Узуново,Стародуб
1478,10.683333333333342,Орёл,Орехово-Зуево
2101,9.633333333333338,Погар,Курбакинская
6696,9.400000000000002,Лосиноостровская,Ключёвка
3406,5.883333333333333,Лосиноостровская,Яничкино
1459,9.933333333333332,Лесок,Волоколамск
1863,8.233333333333336,Ярославль-Главный,Вековка
5770,10.566666666666656,Тула 2,Люберцы II
64,8.016666666666678,Северная,Рязань-2
3506,15.766666666666662,Елец,Александров-2
1514,2.499999999999999,Бекасово-Сортировочное,Кунцево II
537,9.149999999999991,Москва-Товарная-Смоленская,Люберцы II
404,13.966666666666676,Балашиха,Курск
4048,13.166666666666655,Кусково,Льгов-Киевский
881,11.399999999999997,Малоярославец,Плеханово
4148,17.416666666666657,Москва-Товарная-Смоленская,Белгород
919,11.916666666666668,Сасово,Москва-Товарная-Смоленская
1329,4.233333333333332,Вязьма,Красное
1030,8.000000000000004,Ожерелье,Зелёный Бор
356,8.28333333333333,Сухиничи-Главные,Вязьма
7518,4.416666666666668,Петушки,Воскресенск
4461,13.466666666666676,Стародуб,Ключёвка
1242,5.6166666666666725,Александро-Невская,Ряжск I
1678,10.933333333333334,Яничкино,Вязьма
494,9.783333333333324,Курск,Щёлково
951,14.099999999999993,Сасово,Сухиничи-Главные
4349,10.900000000000002,Яничкино,Сухиничи-Главные
1214,1.9833333333333336,Северная,Плеханово
3278,5.749999999999998,Люблино-Сортировочное,Тула 2
207,8.11666666666668,Ряжск I,Балашиха
164,10.416666666666671,Плеханово,Александро-Невская
2270,11.883333333333322,Петушки,Вязьма
7641,13.249999999999988,Смоленск-Сортировочный,Курск
5039,7.283333333333335,Перово,Северная
794,13.466666666666669,Петушки,Елец
2110,12.566666666666656,Щёлково,Волоколамск
1417,19.883333333333344,Новозыбков,Люблино-Сортировочное
6129,14.933333333333328,Елец,Аэропорт
1247,11.81666666666667,Рыбное,Александров-2
2286,4.016666666666667,Владимир,Воскресенск
3215,6.766666666666683,Орёл,Унеча
4106,6.33333333333334,Орёл,Сухиничи-Главные
34,8.000000000000005,Вековка,Северная
895,11.116666666666651,Малоярославец,Перово
5670,13.366666666666651,Кунцево II,Лужки-Орловские
2067,15.266666666666666,Орёл,Аэропорт
1905,2.2000000000000006,Рязань-2,Стенькино-I
3737,2.749999999999999,Стародуб,Погар
1857,9.33333333333332,Перово,Кунцево II
11020,12.083333333333332,Москва-Товарная-Смоленская,Елец
6128,9.79999999999999,Воскресенск,Волоколамск
8300,14.1,Вязьма,Ярославль-Главный
3454,6.766666666666683,Унеча,Орёл
252,7.116666666666668,Бекасово-Сортировочное,Плеханово
3505,10.533333333333326,Лосиноостровская,Елец
4560,2.200000000000001,Воскресенск,Балашиха
668,10.26666666666667,Люблино-Сортировочное,Мытищи
4940,11.616666666666672,Плеханово,Подмосковная
1729,16.26666666666665,Лужки-Орловские,Стародуб
3992,9.71666666666667,Присады,Щёлково
9327,6.833333333333344,Стенькино-I,Узуново
3524,12.66666666666666,Малоярославец,Красное
724,16.199999999999996,Лужки-Орловские,Северная
2165,10.183333333333332,Александро-Невская,Зелёный Бор
9230,12.85,Люблино-Сортировочное,Орёл
1664,6.433333333333328,Стародуб,Новозыбков
3066,12.416666666666671,Сасово,Ярославль-Главный
618,5.800000000000004,Унеча,Льгов-Киевский
7173,14.86666666666666,Стенькино-I,Льгов-Киевский
194,14.4,Тула-1-Курская,Смоленск-Сортировочный
2823,8.516666666666666,Стенькино-I,Москва-Товарная-Смоленская
1180,5.71666666666667,Перово,Лесок
7331,14.049999999999986,Подмосковная,Сухиничи-Главные
3473,15.14999999999998,Лужки-Орловские,Малоярославец
5695,18.483333333333324,Лосиноостровская,Новозыбков
1337,10.116666666666667,Щёлково,Ключёвка
516,8.616666666666656,Бекасово-Сортировочное,Мытищи
9690,18.80000000000002,Погар,Воскресенск
858,5.31666666666667,Воскресенск,Стенькино-I
4273,9.350000000000009,Ожерелье,Льгов-Киевский
21,11.250000000000004,Сухиничи-Главные,Люберцы II
498,15.06666666666667,Курбакинская,Тула 2
1518,12.649999999999997,Унеча,Сухиничи-Главные
4379,22.48333333333335,Новозыбков,Воскресенск
1149,0.5666666666666678,Кусково,Люберцы II
1573,20.000000000000025,Белгород,Сасово
4931,6.433333333333328,Новозыбков,Стародуб
8688,13.5,Елец,Тула 2
2141,12.40000000000001,Курбакинская,Смоленск-Сортировочный
4681,18.98333333333335,Сасово,Курбакинская
889,8.366666666666665,Брянск-Льговский,Красное
2530,5.116666666666669,Орехово-Зуево,Северная
132,13.900000000000013,Елец,Белгород
10108,2.166666666666667,Присады,Плеханово
3722,8.79999999999999,Яничкино,Москва-Товарная-Смоленская
2073,6.316666666666671,Люблино-Сортировочное,Орехово-Зуево
349,12.466666666666663,Сасово,Кунцево II
1614,11.116666666666651,Мытищи,Кунцево II
508,10.733333333333327,Малоярославец,Лесок
3838,8.700000000000001,Орехово-Зуево,Елец
2424,10.683333333333325,Люберцы II,Волоколамск
1364,9.166666666666677,Волоколамск,Вековка
1419,10.866666666666667,Перово,Елец
1723,9.483333333333333,Волоколамск,Узуново
1006,6.46666666666667,Рязань-2,Перово
